IDLink,SentimentTitle,SentimentHeadline
tFrqIR6Chj,0.068518519,-0.039304967
DVAaGErjlF,0,-0.013312701
OT9UIZm5M2,0.036084392,0.037820653
lflGp3q2Fj,-0.073610645,-0.417361111
zDYG0SoovZ,0.047111148,-0.213200716
